{
    "repetitiveness": 5.0,
    "empathetical_understanding": 3.835,
    "empathetical_responding": 4.2675,
    "response_relatedness": 4.985,
    "attentive_curiosity": 4.910000000000001,
    "likability": 4.942500000000001,
    "politeness": 4.817500000000001
}