{
    "repetitiveness": 4.972789473684211,
    "empathetical_understanding": 3.9624999999999995,
    "empathetical_responding": 4.3679999999999986,
    "response_relatedness": 4.937499999999999,
    "attentive_curiosity": 4.925,
    "likability": 4.906999999999999,
    "politeness": 4.7059444444444445
}