{
    "repetitiveness": 4.976639318885449,
    "empathetical_understanding": 3.9530000000000003,
    "empathetical_responding": 4.335500000000001,
    "response_relatedness": 4.913999999999999,
    "attentive_curiosity": 4.833499999999999,
    "likability": 4.889499999999999,
    "politeness": 4.7031315789473656
}