{
    "repetitiveness": 4.971578947368421,
    "empathetical_understanding": 3.85,
    "empathetical_responding": 4.132499999999999,
    "response_relatedness": 4.9175,
    "attentive_curiosity": 4.8575,
    "likability": 4.8625,
    "politeness": 4.688815789473685
}