{
    "repetitiveness": 4.882600963192293,
    "empathetical_understanding": 2.657131578947369,
    "empathetical_responding": 3.156999999999999,
    "response_relatedness": 4.2974999999999985,
    "attentive_curiosity": 3.577,
    "likability": 3.6855,
    "politeness": 3.3973211214310277
}