{
    "repetitiveness": 4.947923976608187,
    "empathetical_understanding": 2.55,
    "empathetical_responding": 3.0074999999999994,
    "response_relatedness": 4.282500000000001,
    "attentive_curiosity": 3.5699999999999994,
    "likability": 3.5150000000000006,
    "politeness": 3.258055555555555
}