{
    "repetitiveness": 4.976786549707601,
    "empathetical_understanding": 3.9965000000000015,
    "empathetical_responding": 4.371,
    "response_relatedness": 4.905999999999999,
    "attentive_curiosity": 4.8679999999999986,
    "likability": 4.868999999999999,
    "politeness": 4.723657894736841
}