{
    "repetitiveness": 4.97671052631579,
    "empathetical_understanding": 4.027500000000001,
    "empathetical_responding": 4.3825,
    "response_relatedness": 4.907500000000001,
    "attentive_curiosity": 4.855,
    "likability": 4.9575000000000005,
    "politeness": 4.834078947368423
}