{
    "repetitiveness": 4.978657894736842,
    "empathetical_understanding": 4.1510000000000025,
    "empathetical_responding": 4.5925,
    "response_relatedness": 4.919,
    "attentive_curiosity": 4.954499999999999,
    "likability": 4.9745,
    "politeness": 4.8345
}