{
    "repetitiveness": 4.996894736842106,
    "empathetical_understanding": 4.108500000000003,
    "empathetical_responding": 4.540999999999999,
    "response_relatedness": 4.901499999999999,
    "attentive_curiosity": 4.918499999999999,
    "likability": 4.962,
    "politeness": 4.865499999999997
}