{
    "repetitiveness": 4.542409792974656,
    "empathetical_understanding": 4.657715903259011,
    "empathetical_responding": 4.474982965546243,
    "response_relatedness": 4.908744571846282,
    "attentive_curiosity": 4.300296273931155,
    "likability": 4.461106014911012,
    "politeness": 4.7204005667321915
}