{
    "repetitiveness": 4.7559818553626005,
    "empathetical_understanding": 4.648869396348126,
    "empathetical_responding": 4.460839416941818,
    "response_relatedness": 4.967260139018842,
    "attentive_curiosity": 4.076877949694447,
    "likability": 4.499593553327342,
    "politeness": 4.770562062320985
}