{
    "repetitiveness": 4.901800021798012,
    "empathetical_understanding": 4.450328958482214,
    "empathetical_responding": 4.37838485006322,
    "response_relatedness": 4.855029617514933,
    "attentive_curiosity": 3.8537448782384245,
    "likability": 4.461258304401865,
    "politeness": 4.689575393218234
}