{
    "repetitiveness": 4.718166554790144,
    "empathetical_understanding": 4.535639955598187,
    "empathetical_responding": 4.518786720073016,
    "response_relatedness": 4.829589689242309,
    "attentive_curiosity": 4.094477357269111,
    "likability": 4.379491345270476,
    "politeness": 4.594558185672035
}