{
    "repetitiveness": 4.440422168581153,
    "empathetical_understanding": 4.77700896143316,
    "empathetical_responding": 4.740183913085324,
    "response_relatedness": 4.899919017916211,
    "attentive_curiosity": 4.456523302518153,
    "likability": 4.373900865881723,
    "politeness": 4.675683891905737
}