{
    "repetitiveness": 4.6780872773320965,
    "empathetical_understanding": 3.1040218433686637,
    "empathetical_responding": 3.1531725330254865,
    "response_relatedness": 4.023705733150215,
    "attentive_curiosity": 3.06883603512195,
    "likability": 3.615306225786894,
    "politeness": 3.8454113480893137
}